<?xml version="1.0" encoding="UTF-8"?>
<project-private xmlns="http://www.netbeans.org/ns/project-private/1">
    <editor-bookmarks xmlns="http://www.netbeans.org/ns/editor-bookmarks/2" lastBookmarkId="2">
        <file>
            <url>src/GUI/FormBanHang.java</url>
            <bookmark id="2">
                <name/>
                <line>3043</line>
                <key/>
            </bookmark>
            <bookmark id="1">
                <name/>
                <line>3043</line>
                <key/>
            </bookmark>
        </file>
    </editor-bookmarks>
    <open-files xmlns="http://www.netbeans.org/ns/projectui-open-files/2">
        <group>
            <file>file:/C:/Users/asus%20k501/OneDrive/Documents/NetBeansProjects/DoAnJavaTommorrow/src/BUS/NhanvienBUS.java</file>
            <file>file:/C:/Users/asus%20k501/OneDrive/Documents/NetBeansProjects/DoAnJavaTommorrow/src/DAO/NhanvienDAO.java</file>
            <file>file:/C:/Users/asus%20k501/OneDrive/Documents/NetBeansProjects/DoAnJavaTommorrow/src/GUI/FormBanHang.java</file>
            <file>file:/C:/Users/asus%20k501/OneDrive/Documents/NetBeansProjects/DoAnJavaTommorrow/src/UTIL/MyDBConnection.java</file>
        </group>
    </open-files>
</project-private>
